0	做父母一定要有劉墉這樣的心態，不斷地學習，不斷地進步，不斷地給自己補充新鮮血液，讓自己保持一顆年輕的心。我想，這是他能很好的和孩子溝通的一個重要因素。讀劉墉的文章，總能讓我看到一個快樂的平易近人的父親，他始終站在和孩子同樣的高度，給孩子創造著一個充滿愛和自由的生活環境。很喜歡劉墉在字裡行間流露出的做父母的那種小狡黠，讓人總是忍俊不禁，父母和子女之間有時候也是一種戰鬥，武力爭鬥過於低階了，智力較量才更有趣味。所以，做父母的得加把勁了，老思想老觀念註定會一敗塗地，生命不息，學習不止。家庭教育，真的是樂在其中。
0	作者在戰幾時之前用了＂擁抱＂令人叫絕．日本如果沒有戰敗，就有會有美軍的佔領，沒胡官僚主義的延續，沒有戰後的民發反思，沒有～，就不會讓日本成為一個經濟強國．當然，美國人也給日本人帶來了恥辱．對日中關係也造成了深遠的影響．文中揭露了＂東京審判＂中很多鮮為人知的東西．讓人驚醒．唉！中國人民對日本的瞭解是不是太少了．
0	作者用詩一樣的語言把如水般清澈透明的思想娓娓道來，像一個經驗豐富的智慧老人為我們解開一個又一個人生的難題，讓我們超越自發的自己和世俗的觀念，引導著我們走向光明、理性的彼岸。尤其讓人驚歎的是，在那樣早的年代，作者對一些心理問題居然有那樣深的體會，對一些人生問題能夠分析得那樣的深刻透徹！確實是非常難能可貴的！較之前一本羅馬皇帝的《沉思錄》不知要高明多少倍，直如天壤之別！
0	作者提出了一種工作和生活的方式，作為諮詢界的元老，不僅能提出理念，而且能夠身體力行地實踐，並且提出具體的步驟，展現的是一種自然的生活態度，一種勞役結合、張弛有度的生活方式。作者提出的觀點引入了歐美人樂觀的生活方式，並且結合現在日本的社會狀況和生存環境，提出了一種切實可行的生活歷程，其實這些觀點同樣也適用於現在正在步日本後塵的中國人，會玩才會幸福。
0	作者妙語連珠，將整個60-70年代用層出不窮的搖滾巨星與自身故事緊緊相連什麼是鄉愁？什麼是搖滾？那是一種特立獨行看似高傲實則溫暖的姿態那是一種絕世獨立下深深的孤單與不甘文字和音樂當兩種憂愁相互碰撞的時候才會激起讀者心中的相同感受，無論何時，世界在變，我們的偶像在慢慢老去那個曾經年華不老的時代已然飄去。於是搖滾，成了最讓人痛徹心扉的藍調
0	作者邏輯嚴密，一氣呵成。沒有一句廢話，深入淺出，循循善誘，環環相扣。讓平日裡看到指標圖釋就頭疼的我竟然大有撥雲見日，醍醐灌頂之感。果不出所料，佔豪的黃金遊戲，值得期待！
0	作者力從馬克思注意經濟學角度來剖析當代中國經濟細心的人會發現中國近20年來的一些政策措施在何新先生的文章裡找到蛛絲馬跡作者早在2001年就預言十年內世界會爆發大規模金融危機這非常難得原因來自與作者本人的資料統計及其嚴密的邏輯推理能與國家發展大計作為自己重任的知識分子現在並不多見了看看那些上市公司的獨立懂事就知道了我認為何先生是了不起的知識分子
0	作者結合希爾和卡耐基、汪中求等大師的一些觀點，結合中國的實際情況，給渴望成功的青年指出一條實實在在的路。我也看過不少成功學著作，只有這本書的作者是企業家，感覺他說得比較實在，其實我們也不指望成功就一定要和比爾蓋茨比，能實現自己的小小夢想就行。如果說希爾等人的著作是習武的總綱，還需要你研究推敲一下，那這本書就是本武林祕笈，你只要照著練就行了，至於成龍成蟲，就看你練得如何。
0	作者對於某些電影“表面粗糙”、“內裡光滑”的分析，可謂入木三分，為理解那些貌似觸及現實而又讓人覺得哪裡不對勁的影片提供了一個清醒的視角。這個角度在導演來說也許是諱莫如深的，也許是不自覺的。而不管是迴避還是無意識，這種對於現狀的屈服都是有害於藝術真誠的，或者他們所做本來就與藝術無關。
0	作者的筆觸很真實 將一個不忠卻又深愛自己妻子的丈夫形象毫無遮掩的展示給讀者 而什麼是真愛 什麼是靈魂的永遠纏繞相守 是看過這本書的人不得不思考的問題在這本書中 瞭解了生命將逝卻無能為力所承受的艱辛 對安樂死也有些瞭解最後章節的那句我們已經不再相信壞運氣了，壞運氣不存在，運氣不存在。相信運氣是對生命的侮辱。多麼堅韌的人性之美。
0	作為有史以來最偉大的基金經理彼得&#183;林奇憑藉其在投資領域傑出的貢獻，終其一生的經驗和智慧，書寫了這本《彼得&#183;林奇的成功投資》。這本書可以說是廣大的業餘投資者的福音，書中不僅講述了業餘投資者投資入門的基礎知識，而且還深刻精闢的分析了業餘投資者最常見的投資心理誤區以及投資陷阱等，是一套最實用、最有效的股票投資方面的專業書籍，讓人讀後深受啟發。
0	作為一名“白骨精”，我不得不佩服作者入木三分的刻畫，不僅精準地描繪出我們的生活畫面，更深刻地揭露了我們內心的掙扎與困頓。確實，是一部當代白骨精們的寫照！寫出了職場的競爭，寫出了僱傭與被僱傭的現實。筆鋒平實，清澈，是好作品。看著看著，便感覺自己也漸漸地深入到這個故事中，和你一起在職場中打拼，在感情中沉浮。淚，也一次又一次地潤了眼眶……
0	作為一本職場啟示錄，不錯沒有像杜拉拉一樣的引入勝的故事，卻也用輕鬆的方式告訴你，如何在職場中生存如何能越爬越高用簡潔明瞭的圖形模式，刻畫出了身在職場所需的“職場氦氣”讓人躍躍欲試至於為什麼要叫“星巴克職場啟示錄”個人認為有一點打廣告的嫌疑在裡面，跟STARBUCKS似乎沒有太大牽連美中不足，有些地方的闡述不夠詳盡，需要自己不斷揣磨
0	作為女兒6.1的禮物。雖然晚到了幾天。等拿到的時候，女兒愛不釋手，上洗手間也看，告知不好。竟以學習毛主席來反駁我。我反對了幾句，還說我對主席不敬。暈。上週末，告訴我她把火鞋和風鞋拿到學校，好多同學羨慕她。呵呵，我也看了其中的人鴉，只可惜沒有看完就在老公的催促下睡了。說了這麼多，歸納為一句：這套書買的值。
0	昨晚看著看著就睡著了，今天早晨醒來就立馬抓起繼續啃，正逢小說結尾部分，也正如作者的期望，我被嚇了一跳。這是我讀東野圭吾小說最意料不到的事實。愛有很多種，可是當它變成某種負擔時，還算愛嗎？愛有多種表現形式，當某種行為讓對方感覺負罪時，這還能叫做愛嗎？愛可以很長久，當這種永恆變成一種惡夢時，還能歸於最初的愛嗎？愛可以深入骨髓，無法割除，當它接受無法預知的變數時，還能始終如一嗎？
0	昨天晚上看完了，此書揭開了獵頭的神祕面紗，將獵頭與HR的運作展現在人們面前。以小說的形式，將獵頭的工作展現開來，期間穿插有關獵頭的敘述，受益匪淺。主人公是一個極富正義感的、信守承諾的、優秀的、有才華的人物，他看穿了世事的虛浮，尋找著一片寧靜的內心世界。故事結尾又未免過於傷感，失去至親至愛的人，表現出來他最最脆弱的一面，彷彿感受到他撕心裂肺的傷痛。期待續的出版。
0	昨天帶寶寶在朋友的小區玩。有工人正在植樹，寶寶目不轉睛地觀察著。媽媽告訴寶寶，他們正在種樹呢。寶寶沒有吭聲。過了一會兒，爸爸過來了，爸爸問，他們在幹什麼。寶寶說，他們正在挖寶藏。哈哈，寶寶準是想起了弗洛格帶著小熊一起挖寶藏的故事。感謝可愛的小青蛙弗洛格，給了寶寶丰富的想象力，一個多彩美麗的世界。
0	最早接觸寂地畫是在《新蕾》上，後來滿心歡喜的買了她的第一本畫集《我的路1》很喜歡那種溫暖的畫風，也很喜歡配畫的文字，很細膩，有哲理，讓人感覺溫馨。後來她出的每一期都買了回來，用四葉草的包書紙包好，這次這一套買了是給朋友的，。朋友看到我有一套《我的路》也很想要，所以讓我幫她買。開始會擔心裡面的附贈品不知道會不會有，看來是有的，朋友收到了很開心也很喜歡
0	最喜歡這部，雖然很是賺走了我的眼淚，發現自己越來越愛看這些悲情的，讓人揪心疼痛的文字，匪大的確是後媽來的，東子對佳期的愛是絕對獨一無二的，可是真愛的未必能在一起，記得那句“那時候年輕，什麼都沒有，可是有勇氣！”現在的自己已經是連勇氣都沒有了，只能看著這樣的小說慰籍自己，愛就是那麼不圓滿，要看得開放得下！難啊，難！
0	最喜歡裡面兔子招惹外星人 還有兔子摞起來和貌似一武俠比武的那篇 太有意思了 我把它拿給室友看 她居然說畫這本書的人思想有問題 不禁讓我想起前幾天在手機報中看到的 關於心理抑鬱症的說法：如果看完《找死的兔子》笑的前仰後合說明我們的心理是健康的 我很同意 哈哈 因為我的確看得很過癮 很開心！佩服作者的奇思妙想...衷心希望心情總是不好的人們能夠笑對人生 其實真沒什麼過不去的坎兒~
0	最開心的閱讀莫過於你看的書和你自己的生活閱歷有異曲同工的地方！常常在看書的時候我要拍案叫絕，遙想寫這本書的時候作者是在1983年，而我自己的心理髮展，從2000年到2009年，居然在很多地方應驗了他的理論說明！讀他的書，對有心理困惑或力求完善心理人格的朋友，是絕對有益的！比我同時買的那本《一歲就上常青藤》要好上幾百倍！
0	最近有點忙直到昨天晚上讀完了整部書，我震撼了特別是讀到小狼要要遷移的時候，我才明白什麼是倔強什麼叫桀驁不馴那到底是一種什麼樣的性格，直到陳陳不得不親手殺死小狼的時候，我幾乎也差點哭出來，人狼，這是一種什麼樣的感情。就像別人給的評論一樣，狼圖騰讓人們勇於承認人們自身潛在的弱點，而當今社會人們迫切需要的不正是應該像狼那樣的性格嗎？這真是一部奇書。
0	最近受幾位老年大學學友的委託，又購買了幾本《數碼單反攝影輕鬆入門》和《RAW完全解析》，確實很不錯！
0	最近感覺生活特別累，所以就買了幾本書來讀。《少有人走的路》這本書，剛開始讀前幾章時，感覺自己的心情豁然開朗，心情放鬆了許多，對於工作，對於生活又有了信心。隨著後面幾章的閱讀，感覺這本書有很多地方好像有：話沒有說明白的感覺，感覺作者總是把問題闡述一半，就接著進行闡述下面一個問題了。不過，總體感覺還是很振奮人心的，可以啟迪人生。有時間再讀一遍，古人說：溫故而知新嘛~~~~
0	最近杜拉拉被炒得很火，很多人說她是職場新人的指南，不過我覺得帶著一種平靜而恬淡的心情來看待這本書也許更合適一點。可能是工作性質的原因，我並沒有受益匪淺的感覺。平心而論，說它是一本新型的職場小說，應該來的更為貼切。對於小說的高潮部分，似乎是點到為止，總覺得有點意猶未盡。不過在看的過程中，整個心情還是很不錯的。
0	最近不知怎麼回事，出了很多後宮方面的書，看得我這叫鬱悶。早就關注大心的這本了，看到上架了馬上訂貨，還好，第二天就送到了。結果看到凌晨4點，為了還能睜著眼上班必須眯幾個小時。一句話，太好看了，怎麼能這麼好看！我也是一直看大心的NP結局，這次可能為了出版吧，還是有些遺憾。看過大心的色遍後，就覺得無法比擬的好看，真希望能出版啊！
0	最後一章是專門解讀兒童經絡的，溫馨實用，之前買的那本送給了新得了寶寶的親戚，自己再藏一本繼續學習：）P。S。：看到有不少人在車上看書，畢竟顛簸，還是避免吧。祝願大家都受益。
0	最好是三本一起看。藏獒2主要是寫藏獒與狼的驚心動魄的搏鬥。場面非常的巨集大，壯觀，情節很吸引人。在藏獒救人的情節中，有很多感人的事蹟，讓人不由得黯然淚下。真的很嚮往在西結古草原上的藏獒，勇敢，機靈，忠誠。永遠都是先人後己，無所畏懼的犧牲自己。特別是大黑獒那日，真的是讓人感動，讚歎。還有很多很多的藏獒們為了人類犧牲了自己。品格高尚的藏獒們是大自然賜給人類的精靈。
0	最初因為書名所吸引，“曾有一個人，愛我如生命”這是怎樣的一種愛，這樣的愛是太過沉重，還是刻骨銘心？帶著這種疑問，用了大半天的時間看完，心裡有種說不上來的難受，相愛的兩個人竟然連最後一面都沒有見到，就陰陽兩隔，這份遺憾。。。。。。很喜歡書封面上的話“如果當初我勇敢，結局是不是不一樣，如果當時你堅持，回憶會不會不這樣”
0	最初看到這本書，隨手拿起來翻了翻……就被其中一個個很精彩的小故事所吸引……然然每個故事後面，還會附上相關的道理在其中！讀起來，感覺是一次心靈的洗涮，讓我們學會以更好的心態看待生活中發生地種種人情世故……身處在繁忙都市中的人們，很多時候大多忽略了這些最平凡最簡單的幸福和快樂……而這本書就是很好的把大家遺忘的幸福快樂羅列出來，釋放心靈的枷鎖，獲取真正的快樂和幸福吧！
0	最初看《門第》是在報紙的連載上，也是我第一次看連諫的小說。從看了第一集就被它深深吸引，其實，裡面的很多故事、很多情節和場景都是發生在我們自己身上，只是我們深思過後發出一聲無奈的嘆息，然後繼續生活罷了。當然，經過之後，我們還會發展，事情往往不會壞到哪裡去的，太陽還會每日東昇，和煦的晚風也會如期而至。過日子就是這樣。
0	縱然是再嬌豔的花朵，作為和親公主的皖雅，也逃脫不了所謂“貢物”的命運，絢爛一時的愛情，到頭來終究抵不上江山一角。愛情，如此完美卻又失落，皖雅的結局，苦澀卻又實際地描繪了宮廷女子悲婉的一生。看盡世間無限遺憾，只因愛情如此脆弱。三個男人用不同的方式愛著這位花神，她本可換種選擇使自己輕鬆，可她還是執著於她的愛，終究她的愛害了她，愛情總是這麼威力無限！
0	總之，這是一本能讓人引發起認同感的、也很有趣、很個性、很像那麼一回事的血型書。或許每個人的身上都已不再只是某一種血型的特質，而是在相互的交融、激盪中發生著嬗變。於是，A型的人可能擁有了B型的某種特質，B型的人慢慢也習得了A型的一些模式。畢竟血型也是在不斷的進化中，AB型不就是晚於O、A、B新近出現的血型型別嗎？到新血型再進化出來的時候，我們一定還會有更新型的血型說明書。
0	總之，前兩位作者寫得比較好，即1917--1960年那段史實，之後則所限於國內檔案不公開的原因，還是看國外中文網際網路的吧
0	總有一天,我們會對流逝的時間和消失的往事習以為常.無論和誰,以怎樣的方式結束....溺水者怎知道，是哪一滴水要了他的命。。那一天我二十一歲，在我一生的黃金時代。我有好多奢望。我想愛，想吃，還想在一瞬間變成天上半明半暗的雲千萬人之中，遇到你所遇到的人，於千萬年之中，時間的無涯荒野裡，沒有早一步，也沒有晚一不，剛巧趕上了
0	總是容易被別樣的愛情所感隱忍的愛情  結局也是一樣的完美如斯喜歡這樣的愛情  真的不知道該說些什麼我很感謝這些寫出優秀的作品  讓我感受心痛 甜蜜 羞澀在現實生活中 這樣獨有的愛情很難吧我有時候真的在做夢可以回到很久以前  可以去愛這樣的男子感受這樣的男子的心胸氣度 感受這樣男子的愛恨情仇擁有這樣的愛情這種念頭或許直至死亡也無法成為現實所以 我沉迷於古代小說 無法自拔  幾乎愛戀
0	總的來說這本書還不錯，就是內容好像少了點，看完整本書就一箇中心思想，中醫方面內容具多，象我們這樣沒有中醫基礎的，不會操作也不敢操作；當然，對一些簡單的操作可以做，比如現在我每晚都給孩子按腳，刺激眼的位置，主要是俺兩口子都是近視，前幾天孩子眼皮長了個小白點，就按了兩晚上，沒有了，也不知是不是按的原因，希望是吧，看看還是有好處的！
0	總的來說是受益匪淺！看過許多跟中醫沾邊的書，一直對於自身體質都比較困惑，總是兼具寒性體質和熱性體質兩者的特點，現在終於知道了，這是溼。原先沒想到一些不經意的生活習慣會引起這麼多後果，原來身體已經發出了這麼多的預警訊號了！書中養生有很多是通過穴位實現的，本書關於穴位介紹比較適合沒有中醫基礎的人，可操作性較強。另外還有一些實用小藥方及簡單的健身方式。開卷有益，值得反覆讀。
0	字很大，買一本放在家裡給孩子查，另一本小的讓他帶到學校去。從1年級下學期開始老師就要求不認識的字要自己查，問題是作業裡的生字太多，孩子的眼睛哪經得起這樣折騰。孩子現在二年級，上次檢查班上已有不少孩子視力下降，有的已戴上眼鏡，所以趕快買上這本大版的字典。各位本爸爸媽媽注意，因為大、小版的頁碼不同，所以小版的也要買一本放在書包裡。學校里老師有時會有查字典比賽什麼的，頁碼不同又麻煩了。
0	自打買回來以後，六歲的兒子就天天抱著看。書中可愛的動物造型，別緻的小貼紙，符合聖經原則的教導，都讓他感覺很親切，很信賴。教會的主日學也可以購買。即使是不信基督教的朋友，讓孩子看看這樣的書，可以幫助培養孩子養成良好的品德。這本書是西方人寫的，由此也可見西方人的價值觀——以《聖經》為依據。西方文化的源頭，到現在還一代一代的傳承，其中說明了什麼問題，值得中國家長深思。
0	準、新媽媽們，推薦你們看看哈！每個媽媽都是有“奶”的，沒有哪個媽媽沒有“奶”，如果別人說你沒有“奶”，或者你感覺你沒有“奶”，那都是你沒有盡力“下奶”的問題，沒有想做一頭“好奶牛”我非常堅信這句話。。。支援母乳，母乳是寶寶最好食物；寶寶是非常需要媽媽的母乳，媽媽的“乳房”是寶寶最好的安撫品。。。有了這母乳媽媽的育兒手記，一直支援我走到現在，我感覺非常非常愉悅。
0	追源溯流，指明詳細出處，提供豐富便證，現每條典故的含義和用法。本詞典是我國詞典大家族的一個新成員。詞典的每一個詞條包括語義、典故來源和舉例三個部分。英語典故是英語語言和文化寶庫中的重要組成部分,是民族文化的積澱和民族智慧的結晶.典故寓意深刻、民族色彩濃厚,具有很強的修辭作用.英語的典故構成形式多樣,來源極其廣泛.瞭解並熟悉一些常見的英語典故有助於我們瞭解英語國家的文化、習俗
0	追加幾句：有好多真正的大師，是可以作為大師這個稱號的標準的，庫布裡克就是這麼一位。假如您誤以為今天中國的某位導演也算是大師的話，可以看看庫布裡克，看看《大開眼戒》，對照一下不太好算的差距。如果哪位導演你真心在有生之年把成為大師作為目標的話，也勸您看看《大開眼戒》，給自己樹立一個標竿。
0	樁樁的文字讓人讀起來非常舒服，如清泉細流沁如人心，我一直很喜歡。在這本書中也感受到作者的用心，在不斷求變求新。作者為女豬設定的前世男身，讓我接受了很久，看著總有些彆扭。呵呵～故事構架大氣而精巧，其中爾虞我詐的算計太多，旁支伏筆也多，更像是一部江湖大戲而非言情，故事中情感描寫略顯薄弱，這方面個人感覺不如“青蘿”。
0	專心的用一輩子的時間，只愛一個人。這就是愛情中的極致了吧，於是《痴相公》把這樣的唯美愛情，一一鋪就，濃墨重彩。珍兒與之心，從最初的愛上，到經歷了坎坷，抵制了誘惑，始終如一，只深愛對方。愛情中的把持與堅韌，真的太讓人感動。哪怕，之心是痴的，那又怎樣，他知道如何愛一個人，並且深信不疑，自己的愛可以一心人，共白首。前世的姻緣，現世的嬋娟。
0	逐行逐字看完了步步為營，八個故事裡蘊涵的職場哲學讓人若有所思。對比小說，回過頭看自己走過的路，發現，沒有前人的指導點撥，職場這條路是摸著石頭過河，是一個人披荊斬棘。幸好，現在看到你還不算太遲。幸好，你照亮我前方幽長的路。
0	茱莉的生活一下子從繁華的社交界轉入了別人眼中勞累而無趣的孤兒院中，她所面對的人也從八面玲瓏的成人中轉入了困苦無依的孩子們中，她的親密伴侶從一個人人眼中的有魅力的成功男士變成一個硬直、了無情趣的醫生，當中的轉變，心情的跌蕩起伏很難用三言兩語說清楚，偏偏在這本書裡，作者用兒童都能明白的淺顯語言說了個一清二楚，而且叫人接受這些轉變十分自然合理，功力非同一般。
0	週五收到?瀝川往事?,週六一口氣讀完,週日不時重新翻讀,書中的人物,發生在主人公身上的故事,象一副美麗而傷感的畫卷不時出現在眼前,小秋和瀝川的故事,那種讓人心碎,讓人心醉的愛,是每一個女性都夢想擁有的.我深深的陷入小說情節中難以自拔,不原自拔.好久沒有欣賞到這麼美的情感小說了,感謝作者讓主人公的愛情有一個完美的結局,讓人們在為他們流過淚後,可以由衷的祝福他們,可以為他們的幸福欣慰的笑了.
0	重新喜歡上明曉溪的作品，重新回到夢幻的世界裡。感覺真好。高中的時候超級喜歡明曉溪的作品。尤其是水晶般透明系列，看了超級有感覺。大一的時候，在宿舍還有說到泡沫之夏。本以為同學不知道，結果卻出乎人意料：每個人都說得很起勁。不是單純的談情說愛。裡面的人物可以反射到自己生活中。裡面的愛情&#183;&#183;&#183;&#183;&#183;&#183;&#183;&#183;
0	終於認真看完了，哈哈比《男人來自火星，女人來自金星》內容更全面，文字也更有趣！既有實用性，又有可讀性！
0	終於買到心心念唸的書了，就因為當初的一念，以至於等到這套書時，已經過了很長時間，不論因為什麼原因，當我發現噹噹又有了這套書時，便毫不猶豫的寫了訂單。我想這是相當有意義的評吧，在我買了這麼多書後，這是我的第一個評論，不知道為什麼，只是被蕊蕊所打動吧，愛的絕然，愛的一無返顧，有時候回憶，總是在感嘆，像燕王朱棣這樣的人，愛耶？恨耶？曲曲折折，幽幽怨怨，情愛兩重天，於我，動心不已。
0	終於可以打分了，打五星吧，實在太喜歡這本書了關於彭老這本書，個人認為怎麼讚美都不為過。原因有三：1.語言通俗易懂、淺顯易懂，容易閱讀理解2.理論深入透徹，直指中醫本質。3.內容系統完整，層次分明
0	終於看完杜拉拉2，感覺有種狐尾續貂。裡面的理論對剛進入職場的新手來說實在太深奧。寬頻薪酬，測評系統等全部是HR的內容。題目真的不應該叫杜拉拉昇職記。可以換成HR方法大全？人物也越來越多，越來越不相干。最後的結尾更難讓人明白，別再寫杜拉拉三了，佳作就是這樣寫續寫續寫廢的。就像是還珠格格系列
0	終於等來了結束，一切的迷題也都解開了。無論是他，或是他？這篇是增加了許多玄幻在裡面的。話說虐了這麼久也該結束了，不然實在對不起觀眾。“知錯能改，善莫大焉” 是這樣的意思麼？呼呼，就讓一切重新開始，承著彼此心中的眷念去展開新的歷程……從此，我的眼前只有你，你的背後總後我。
0	終於把這本書買到手了，封面很有感覺，書做得也很好，編輯們辛苦了，一定會好好收藏的，這裡面舉的很多案例我身邊都有可能發生，對我真的很有借鑑意義。也推薦大家都看看，在職場裡，這裡有太多可以學習的東西。
0	終於，萌發了要買哥們兒實體書的念頭，當然首選就是四面牆了，結果缺貨，只好退而求其次，買了背叛和外遇。外遇還沒看，不敢瞎說。
0	中華民族歷史悠久，很贊同這樣的看法：學成語，是學古文化的一種好的方式。成語裡有文學、歷史、軍事與哲學，小孩子喜歡的是故事、情節，通過對比學習，不僅讓孩子聽了故事，同時讓他們牢牢掌握了一些成語。小的時候我就很喜歡那些出口成章、成語就在嘴邊的那些人。長大了就開始通過各種手段自學、或者從別人那裡學習。不僅我要學，孩子長大了，也讓他學。
0	中國也出了一本情感的書，看完了，很不錯的一本讓女人更加了解男人的書。本人閱讀的時候，就有很多同感，因為是裡面有提的行為，我作為一個女性的角度，幾乎都有，而且很貼切。也讓我的眼界放寬了，看到了很多男人和女人不同的東西。看待事情也不會像以前那樣的主觀了，此書值得一看，作為一位現代女性，不獨這本書的話，有點遺憾。因為你已經與社會脫節了。
0	中國古代詩詞由於用語都比較含畜、精煉，欣賞起來需要安安靜靜的環境，而作為它們的載體，一本書的印刷、裝訂質量的好壞，相對於其他型別的書而言，更會對讀者產生更直接的影響。這本書真的只能用精緻兩個字來形容，如果改版的時候再適當配以精美的插圖，那就簡直可以說是完美的。另外：驚喜的發現這本書的頁碼居然是仿古形式的漢字，更添了一種古香古色的美，實在是好！
0	智永千字文是千字文中的上品，即使這樣，當前的許多出版社也因種種原因，將它印製的很差勁。而本集字古文，主編、印刷的水平很高——因為我同時買了幾個類似的版本，上海書畫社的是最好的。集字古文的排版是一個很專業的工作，不是很高藝術素養的，絕對做不好。以前我見過很多集子，這一本，書法佈局渾然一體，幾乎感覺就是智永創作的一樣。
0	質量不錯，適合3歲左右小孩玩。每一頁邊上都有已經打好的虛線孔，直接將頁面撕下來就行，都是很簡單的手工，練習孩子剪圖形，摺紙。我兒子3歲半，特別喜歡做，就是用剪刀用不太好，正好練習啦。有些東西做出來“實用性”還挺強，像太陽帽，剛好能戴在兒子頭上，拖鞋，他也剛好能“穿”，兒子自己還說吶“大小正合適”，呵呵。讓他練習手工的同時還有很多樂趣，超喜歡。
0	值得推薦！與此同時購買的還有東野圭吾的《白夜行》，與女法醫這本書相比，白夜行太一般了。《首席女法醫》情節描述精彩，讀起來順暢，案件結尾完全出乎意料，且案中套案，引人入勝。對犯罪的描述一直採取厭惡和鞭撻的態度，不象日本推理小說，分不清他們的價值觀到底是向著哪一邊。所以也可以推薦給中學以上的學生閱讀。
0	值得所有中國年青人好好思考的一本書，似乎講的道理多是太過理想的言論，太過脫離大眾實際的層面，其實不然，當今的國人，就是太過實際，年紀輕輕就現實到一心一意賺錢過日子人生中真的應該有些無關物質，無關利益的追求，其實每個人在年幼時都是有過的，只是現在那段記憶結束得越來越早了當每個人走到人生終點時，才會發現你記得的只有那些單純而不實際的時光，留下的只有那些曾感動過自己的記憶
0	只能說畫得不錯。是連著《我爸爸》《我喜歡書》這兩本一起買的，這三本書內容都一樣的模式，感覺不是很好。而且兩歲半的小朋友不理解，為什麼爸爸為什麼又變成黑猩猩了，為什麼又變成歌唱家了。所以家長在給孩子講這本書的時候不能按書上的字講，最好是看圖說話，比如變成歌唱家的那張圖，就講說：“爸爸唱歌好棒呀，象歌唱家一樣唱得好。本來希望三本能不一樣呢。不過書裡說的話還是挺讓我感動的。
0	只看過西西的《解體》。印象已經不深了。記得要不就是標點很少，節奏很快；要不就是標點很多，停頓太多。還是一個比較有才華的女子。
0	之所以買這本書，是因為這次實習我要跟著老師下鄉，去隨州作調查，我準備做關於農村留守婦女社會交往的主題，所以買了這本書先了解一下。看過之後，確實有挺大觸動的，隨著青壯年男性勞動力向城市流轉，留守婦女的生活開始發生質的轉變，這其中有喜悅，也有不為人知的苦澀。推薦大家讀這本書，特別是女性讀者。同為女人，我們應該感受到更多......
0	之所以看這本書，是因為看過“安意如”系列之後有一種連鎖反應，只道是意猶未盡。不覺得就開始關注這類圖書。愛上了中國的古典詩詞，想要了解的更多，知道的更多一些。這本書中，每每讀來就像是一個唯美的故事，有時不免沉醉其中久久不能自拔。其實說是故事，不如說是“詩詞歷史”。過於歷史，總覺得太過於血淋淋了，忽然用這麼淡淡語言訴說，自是有另一番韻味。
0	之所以發現民國這段歷史光怪陸離，非常感興趣，還是因為看紫釵恨的長篇網路小說《長風》，裡面描述的亂世之中，各方勾心鬥角、嘻笑怒罵、啼笑皆非的場景讓人實在忍俊不禁，不時捧腹大笑。正是因為看小說，看得拍案叫絕，才發現原來民國這段歷史居然也是如此有趣，發人深省。建議大家先仔細閱讀《長風》，然後再看此書，兩相映照，相映成趣
0	之前一直在看《咕嚕咕嚕轉》孩子很喜歡，有一週時間了，自己總是翻看著，自己講著。第二本《斯凱瑞最受歡迎的故事》拿出來，貝貝好興奮，故事前前後後講了兩三遍，感興趣的幾篇講了無數遍，萬能修先生，會說話的麵包，墨菲警官這些都是他常掛嘴邊的，篇篇故事都生動，畫面表現到位。這兩本真是不錯。
0	之前是看過推薦，才想到要買，拿到書後，先囫圇吞棗大致看了一下，除了覺得畫面十分精美之外，看不懂什麼意思！我當時還頗有些失落，在下班的車上，我又細細看了導讀部分才“恍然大悟”（每次看繪本時，都要看看導讀，要不然理解不上去，慚愧！）到家後，小兒大致翻看一下，說沒意思，於是我就引導他一起看，這回感覺就不一樣了，其實只要你用心去發現，就會發現每頁的每個小角落，都是作者的精心設計，很棒！
0	之前買了一本，送朋友，拿到手後自己很喜歡，就又下單買了一本。書的質量真的不錯，只是不知道是不是在運輸過程中碰撞的關係，有破損。希望噹噹加強送貨時包裝的強度。
0	之前買過一本UK版TWILIGHT 三聯買的 109好像太貴了啦！那時太想買了現在看到噹噹才280，立刻沒猶豫就買下剛好放假了 等的那叫一個焦急連睡覺 散步都把手機拿著 生怕漏了送貨員的電話唉唉唉 6天后終於來的貨 我在順德 和過幾天卓越訂的貨一起來 估計是送貨員偷懶出乎意料 這本twilight比UK 大開很多 紙質也很好的 淡黃色 問起來也很好聞很高興啦，如果除去等待的痛苦不說……
0	之前看評論有說收到的書箱子壞掉了，也有些擔心，呵呵！不過寄來的箱子真的很好，跟之前金庸全集的箱子一樣好。對我來說書的大小也適中，因為我就是喜歡小版本的圖書，之前也收了一套唐碼的世界名著口袋本。說機器貓哈，印刷的也很好，每本的封面跟之前的老版也一樣，裡面的東西有人說每本都有一兩處變的，慚愧~我沒看出來，可能之前就沒看全過吧！對我來說我是非常喜歡了！
0	正在為與22歲的兒子溝通障礙發愁，發現了這樣的一本好書。我是第一次讀龍應臺的書，流暢的文筆，深深的內涵，對兒子的關愛，平等的推心置腹，思想觀念的碰撞火花竟然這般的美麗而感人。佩服，欣賞！兩代人之間的鴻溝在優美的文字中慢慢地彌合，讓我回味、思考了很多。推薦給我的兒子、朋友們。
0	正如作者自己所說，寫一本普及型的教材很難。既要避免淺薄，又要防止過於深奧。該書總體上說，做到了深入淺出。不過，感覺作者的引經據典似乎讓人有種混亂的感覺，比較難以讓人把握作者的邏輯思路。該套系列的書應該都不錯。看了社會學是什麼，再來看這本書，有一種感覺，社會科學的學科是人為劃分出來的，學社會科學的人，沒必要只侷限於自己所學的那個學科，應該涉獵其他的學科與門類。這樣才有利於提高自己，完善自己。另外，該書的作者王銘銘有件眾所周之的不光彩的事。不過，這絲毫不影響我們對他著作的學習啊。
0	正如書的名稱，三毛的這本早期作品不同於後期成熟後那個樂觀堅強的三毛，而是記錄了當三毛還是二毛時的經歷，心境，是她年少時那個愛做夢，有些神經質，傷感的雨季的縮影。也許成就並不是很高，然而喜歡三毛的朋友卻可從中窺見那個讓他們著迷的女子是怎樣成長起來的。而正處於那個生命階段的讀者也許會產生共鳴，發現原來他們在這個時候的想法並不是孤獨，沒有人明白的。
0	正本書是同事讓我代買的，她是位國家二級心理諮詢師，同時她又是位很稱職的媽媽，她女兒剛滿4歲，按她的話說這個年齡是接受家庭教育的好時機，她常會買些兒童看的書給孩子閱讀。我同事說這本書的內容圍是圍繞著作者女兒成長的經歷寫的，其中，作者的做法對家長們在家庭教育上有一定的借鑑作用，一般可閱讀到到孩子上學後，還是比較值得購買的。
0	整體來說，相當不錯的作品在細節的處理上很是到位完全沒有被算計，被矇蔽的感覺這個和看《姑獲鳥之夏》是完全不同的《姑獲鳥之夏》的解釋非常牽強勉強，而且全是些莫名其妙的巧合《X的悲劇》卻是有理有據，看得熱血沸騰，心悅誠服被作者精湛的推理，嚴密的邏輯所折服最重要的是，收尾時的前後呼應，很對我的胃口對於“X”的解釋，同樣石破天驚不後悔買了這本書
0	整體來說，本書還是不錯的。至少在書中描述了許多現實中存在的司法系統方面的問題，這是值得每個法律工作者去思考的。尤其是讓那些涉世不深的想加入到律師隊伍中的年青人，看到了社會特別是中國司法界真實的一面。缺點是：書中引用了大量的法律條文和司法解釋，對於已經是律師或有一定工作經驗的法律工作者來說有點多餘，而且所佔的篇幅不少，有湊字數的嫌疑。整體來說還是不錯的。不要對一本書提太高的要求。
0	整個看完，故事中的那種情感讓人感覺壓抑，久久不能釋懷，我想正是作者的性格才讓她創作出這麼一本極具特色的書，作者對人生的感悟，理解都包容在這本書中了，有時候我會去想象作者的人生，那該是個什麼樣子的呢？如果更多點快樂，積極，樂觀，她就不會那麼早地離開人世，不過如果是那樣快樂，積極，樂觀的性格，或許，應該是絕對就沒有呼嘯山莊這本書了，她像曇花，把所有的絢爛在那一瞬綻放
0	整本書由短小的有趣小故事組成。因此不受連續性的限制，你想什麼時候讀都可以。尤其在辦公室工作時間很長或者想思想上逃離辦公環境的話可以偷偷的看一兩則小故事，那種感覺真爽，同事都不知道你在笑什麼。不過，整本書看下來，能讓我開懷大笑的也就2、3處，不過足以~~~~在現在的生活環境中能有幾時開懷大笑呀~~~最後，本人想說，此書適合比較有童心的人閱讀~~~
0	真正算是一部極具代表性的人物傳記，隨著筆者的一點一滴的記述，去觀看索羅斯一生的成長足跡，半個多世紀，一個在金融界摸爬滾打的傳奇人物，人生的大起大落，真正教給我們正確的人生觀，價值觀。教會我們怎樣洞察紛繁複雜下的規律，怎樣面對財富的劇增或是暴跌，怎樣將理想與事業有機的結合在一起，去創造屬於自己的輝煌傳奇。“洞悉混亂，你就可能變得富有。”———《索羅斯傳》睿智而英明。
0	真是一套好書。我的女兒優優28個月了，喜歡聽我給她講故事，家裡也後好多故事書。那天晚上下班把書拿到家，優優在玩，我拿出一本“湯姆走丟了”給她講，她一下子就被吸引住了，站在沙發旁靜靜的聽著，當聽到湯姆找不到媽媽哭了的時候我看見優優的眼睛裡也浸滿了淚水……在這以後優優幾乎很少看別的故事書，天天纏著我給她講這套書。畫面明快，又不失細節，故事內容很符合這個年齡段的孩子。
0	真是一本讓人拿起來就不認放下的好書，語言通俗易懂，沒有什麼讓人感覺晦澀難懂之處，看了以後感覺觸目驚心，迫不及待的向家裡人大作宣傳。原來我們看到的花花綠綠包裝下的那些美麗食品竟有著如此多的內幕，仔細記下書中的點點滴滴讓我明白了怎樣才能冷靜客觀的選擇健康食品，儘量避免把垃圾食品帶回家，從此以後我再買東西時都更加留心食品配料表，真是明明白白購物了！
0	真是太愛史蒂夫了，能夠這麼洞悉女人心態和祕密，還把男人的心理也全盤托出，又還這麼風趣幽默，難怪那麼多和他上過床的女人分手後還和他是好朋友，希望他能活的久一些，因為史蒂夫能夠帶給她們快樂( ⊙ o ⊙ )啊！史蒂夫很棒很帥，適合做好朋友，一旦結婚應該也是個不錯的老公！發現世上所有的男人都差不多，原來老外男人也最喜歡女人牛仔褲、T恤衫、馬尾辮，不管你多大年紀，(*^__^*) 嘻嘻……
0	真人真事真感情，同時代的人與事。淨化心靈，公眾人要有淨化社會心靈的責任感。劉德華是佛教徒，喻可欣也是佛教徒，佛陀的精神拯救了二人的個人人生痛苦。精采語：劉德華悟到：“一念天堂，一念地獄。”喻可欣悟到：“心無掛礙，無掛礙故，無有恐怖”（摘錄情海星空一書）此書是真情所寫，一分真誠一分可貴。我喜愛此書的原因在此。我已收藏此書。
0	真沒想到我會看著看著就哭了~如果說第一本書《暮色》給我的感覺是甜蜜，那麼這一本書就是悲傷。從愛德華轉身離開貝拉的那一刻開始，貝拉心被掏空了，而我也難受到了極點。很奇怪，這本書的描寫很貼近我們談戀愛時的感受，簡直太真切了。貝拉出現幻覺時，我覺得她已經有點瘋了，已經失去自我了，愛德華帶走了她的一切，她甚至用傷害自己的方式來換取一瞬間愛德華的幻覺，可憐的女孩啊！我們在談戀愛時，不也曾這樣迷失過自我麼？在查理向愛麗絲描述貝拉剛失去愛德華時的表現，我的心不停在抽痛，太可憐了，貝拉！我用了三天的時間把這本書完整看完，哭了大半天，描述得太真切了！
0	真的是不錯，我給2歲半的兒子買的，開始還有點擔心，覺得這每本書都有近30頁，會不會太長了。擔心他坐不住，結果，唸完一本又一本，一晚上要讀完5、6本時，首先受不了的就是我了。書很有意思，經常被逗得咯咯直笑，有時又緊張的不行。推薦給同事，她給自己6歲的女兒了，能夠自己閱讀，也非常喜歡。難怪是好幾周的銷售冠軍呢。
0	這是一個偉大的人，絕對可以用這個詞來形容他：葛瑞格.摩頓森我覺得他完全有資格得諾貝爾和平獎。平凡的他卻做著不平凡的事，且十年如一日的堅持，很難不被他的這種執著打動。他讓我們知道了人性的另一個閃光點！敬上第一杯茶，你是一個陌生人；再奉第二杯，你是我們的朋友；第三杯茶，你是我的家人，我將用生命來保護你。在這個另人感動的友情世界裡，陣陣茶香撲面而來，清香襲人
0	這一系列的書都還不錯，我覺得書本比較小，古文書有註音註解，可以帶在包裡，有空的時候就看看！我其實不太喜歡大本頭、精裝豪華版、擺噱頭的書，喜歡這種排版、印刷比較考究的平裝書！聲律啟蒙比較押韻，適合於大聲朗讀！只是編排時註解比較少，對一些韻律和詩詞體制沒有怎麼介紹，一般讀者可能搞不懂，讀起來效果就要打折扣了！等了快一年了，這套書還沒有買齊，有幾本總是沒有貨，為什麼呢？
0	這套書真的很好，除了印刷、紙質非常好之外，還設定小活頁可以翻來翻去來表達故事中人物的動作、故事情節等，真的非常生動。裡面的主角：河馬、小豬、小老鼠和小鱷魚深得囡囡的喜歡。記得書剛買回來的時候她就老吵著要讀給她聽，這套書買的大半年了，邊邊角角都被翻爛了，現在才上來寫評論，我是想讓更能負責任地寫出用後的評論，讓其他媽咪做參考。孩子一歲半時，建議可以買這套書給他（她）了。
0	這套書真的很不錯，就像在講述一個小孩子的故事，點點滴滴透露著作者的痛心，讀後覺得心情很輕鬆，兒子每每在讀這些書的時候都會被裡面的內容吸引的開心大笑，也讓他從一個淘氣的孩子變成一個愛讀書的孩子，從客廳到書房，到廁所，到學校，總是愛不釋手，帶到學校去也成了同學們互相借閱的熱門書籍。也很感謝老師的推薦，讓孩子在緊張的學習生活中尋找到了快樂的答案。
0	這套書真的非常值得大人和孩子一起閱讀，從買回來的那天，我家2歲8個月的小寶就纏著我講，第一輯全部講完了，每本她都能講給我聽了，而且，出門去商場了還知道活學活用要緊緊牽著我的手。前兩天第二輯也被她翻了出來，睡覺前一口氣讓我講完了，小人的記憶很好，哪本書講什麼內容有些什麼人什麼對話她都記得很清楚，真的是很讓小寶著魔呢！對大人這套書很有指導意義，對孩子更是好的沒話說了！
0	這套書是送給孩子六一的禮物，正如讀過的朋友點評的那樣，確實是套值得購買的好書。剛拿到時，我還擔心因為沒有拼音孩子讀起來會比較吃力，事實證明我的擔心是多餘的。從開啟那一刻起，象散文一樣的、故事性很強的內容就把她深深吸引了。。。連著幾天已經看了第四本了，到了睡覺時間還不肯放手。。。今天一早起來，孩子睜開眼第一句話就是：“媽媽，我喜歡閱讀！我喜歡我的兒童節禮物！”這話讓人很是欣慰。
0	這套書是買給外甥的六一節禮物,沒想到我兩歲半的女兒對那本恐龍的尤其喜歡.不過她看還是太早,端午節回老家給外甥帶了回去,當時小傢伙沒表現出很喜歡,不過等第二天上午他一口氣看了三本,小學一年紀的他,基本上可以自己閱讀.....小傢伙很喜歡,我自己本人覺得這套書能增長孩子的見識,開闊孩子的視野,尤其適合上小學的孩子閱讀.
0	這套書是買給兒子的，小傢伙兩歲半不到，正是這套書適合的年齡階段。之前看了許多評價，這套書好評如潮，令我十分期待。因為一本好書可以帶給人知識，給人以愉悅，哪怕他只是一個小孩子。拿到書的瞬間我就肯定我的孩子會非常喜歡這套書。果真如此，小傢伙非常喜歡，與其說是看，不如說是玩起這套書來不亦樂乎。再加上大人在一旁的指點與協助，真得是一個非常好的親子游戲呢。第一次寫評價，希望好書共享。
0	這套書三冊，非常精美，內容也很好，我七歲的女兒拿到書後，坐在地板上用了二個小時讀了一遍，喜歡得不得了。然後就將它們放在了床頭，時不時地翻看一番，還經常問我想知道什麼動物的知識，然後給我講解，儼然是個行家的樣子，可愛極了。她問我有動物百科，一定也有植物百科，我說一定會有，我會再給她買一套植物百科。不過這套書附的光碟我女兒拒絕看，她更喜歡自己閱讀文字。
0	這套書目前是我5歲女兒的最愛，每天要要求我給她講上2本。這套書用“化身遊歷”方法近距離接觸各種科學知識，真是非常奇妙的創意！看得出出版社也很用心，每本前都邀請相關領域的科研人員寫序言。總體內容適合4歲以上的小朋友，因為內容還是很豐富的，也需要有一定的理解能力，太小的孩子可能會不感興趣。總之，好書值得人人擁有。
0	這套書買的時候還擔心寶寶讀是不是有點兒科了，到家以後發覺故事很簡單，寶寶易接受，還能從中學到很多知識點，現在垚垚通過這套書，知道：1  什麼動物夜間活動，還有各種動物睡覺的姿勢2  大象平時喜歡做什麼，小螞蟻在要下雨前要做什麼3  蛐蛐是用什麼發出聲音的4  壁虎的尾巴斷了還會長出來，還有什麼動物會為了保護自己而丟掉身上什麼部位5  雲是怎麼樣形成的，為什麼會消失總體下來，這套書真的很不錯
0	這套書陸陸續續地買了好多本，以前只是挑自己喜歡的那冊買，現在漸漸地很想把它都買齊了。看了好多本，感覺有些象中國版的貓和老鼠，那狼和那笨貓一樣可愛又笨得可笑，老是讓那隻老鼠捉弄得團團轉，這隻狼也一樣，除了傻，還真的很可愛，可愛得讓人感覺狼原來也是可以很可愛的。不過遺憾的是這本書中沒有書籤，以前買的都有，是一張很精美的卡片，不知道為什麼？
